{
  "require_version" : "5.8",
  "directory": [],
  "sql_file": "",
  "libraries": [],
  "files": [

    {
        "root_directory" : "update/update_5.9/application/controllers/Install.php",
        "update_directory" : "application/controllers/Install.php"
    },
    {
        "root_directory" : "update/update_5.9/application/controllers/Home.php",
        "update_directory" : "application/controllers/Home.php"

    },
    {
        "root_directory" : "update/update_5.9/application/controllers/Login.php",
        "update_directory" : "application/controllers/Login.php"
    },
    {
        "root_directory" : "update/update_5.9/application/models/Api_model.php",
        "update_directory" : "application/models/Api_model.php"
    },
    {
        "root_directory" : "update/update_5.9/application/models/Crud_model.php",
        "update_directory" : "application/models/Crud_model.php"
    },
    {
        "root_directory" : "update/update_5.9/application/models/Email_model.php",
        "update_directory" : "application/models/Email_model.php"
    },
    {
        "root_directory" : "update/update_5.9/application/models/Social_login_modal.php",
        "update_directory" : "application/models/Social_login_modal.php"
    },
    {
        "root_directory" : "update/update_5.9/application/models/User_model.php",
        "update_directory" : "application/models/User_model.php"
    },
    {
        "root_directory" : "update/update_5.9/application/views/backend/admin/navigation.php",
        "update_directory" : "application/views/backend/admin/navigation.php"
    },
    {
        "root_directory" : "update/update_5.9/application/views/backend/admin/question_add.php",
        "update_directory" : "application/views/backend/admin/question_add.php"
    },
    {
        "root_directory" : "update/update_5.9/application/views/backend/admin/question_edit.php",
        "update_directory" : "application/views/backend/admin/question_edit.php" 
    },
    {
        "root_directory" : "update/update_5.9/application/views/backend/admin/payment_settings.php",
        "update_directory" : "application/views/backend/admin/payment_settings.php" 
    },
    {
        "root_directory" : "update/update_5.9/application/views/backend/user/navigation.php",
        "update_directory" : "application/views/backend/user/navigation.php"
    },
    {
        "root_directory" : "update/update_5.9/application/views/backend/user/question_add.php",
        "update_directory" : "application/views/backend/user/question_add.php"
    },
    {
        "root_directory" : "update/update_5.9/application/views/backend/user/question_edit.php",
        "update_directory" : "application/views/backend/user/question_edit.php"  
    },
    {
        "root_directory" : "update/update_5.9/application/views/frontend/default/course_page.php",
        "update_directory" : "application/views/frontend/default/course_page.php"
    },
    {
        "root_directory" : "update/update_5.9/application/views/frontend/default/courses_page.php",
        "update_directory" : "application/views/frontend/default/courses_page.php"
    },
    {
        "root_directory" : "update/update_5.9/application/views/frontend/default/logged_in_header.php",
        "update_directory" : "application/views/frontend/default/logged_in_header.php"
    },
    {
        "root_directory" : "update/update_5.9/application/views/frontend/default/logged_out_header.php",
        "update_directory" : "application/views/frontend/default/logged_out_header.php"
    },
    {
        "root_directory" : "update/update_5.9/application/views/frontend/default/profile_menus.php",
        "update_directory" : "application/views/frontend/default/profile_menus.php"
    },
    {
        "root_directory" : "update/update_5.9/application/views/frontend/default/user_profile.php",
        "update_directory" : "application/views/frontend/default/user_profile.php"  
    },
    {
        "root_directory" : "update/update_5.9/application/views/payment/payment_gateway.php",
        "update_directory" : "application/views/payment/payment_gateway.php"
    },
    {
        "root_directory" : "update/update_5.9/application/views/lessons/quiz_view.php",
        "update_directory" : "application/views/lessons/quiz_view.php"
    },
    {
        "root_directory" : "update/update_5.9/application/views/lessons/quiz_result.php",
        "update_directory" : "application/views/lessons/quiz_result.php"
    },
    {
        "root_directory" : "update/update_5.9/application/views/lessons/Session.php",
        "update_directory" : "system/libraries/Session/Session.php"
    },
    {
        "root_directory" : "update/update_5.9/assets/frontend/default/css/main.css",
        "update_directory" : "assets/frontend/default/css/main.css"
    }
  ]
}